URL,Version,Status,OIDs,Name,Title,Description,Uses,Used,Sources
http://hl7.org/cda/stds/core/ValueSet/CDAActClass,2.0.1-sd,draft,,CDAActClass,CDAActClass,"A code specifying the major type of Act that this Act-instance represents.","StructureDefinition/fr-cda-clinical-document,StructureDefinition/fr-cda-authorization,StructureDefinition/fr-cda-order,StructureDefinition/fr-cda-service-event,StructureDefinition/fr-cda-encompassing-encounter","THO (V3)"
http://hl7.org/cda/stds/core/ValueSet/CDAActMood,2.0.1-sd,draft,,CDAActMood,CDAActMood,"A code distinguishing whether an Act is conceived of as a factual statement or in some other manner as a command, possibility, goal, etc.","StructureDefinition/fr-cda-clinical-document,StructureDefinition/fr-cda-parent-document,StructureDefinition/fr-cda-authorization,StructureDefinition/fr-cda-service-event,StructureDefinition/fr-cda-encompassing-encounter","THO (V3)"
http://hl7.org/cda/stds/core/ValueSet/CDAActMoodIntent,2.0.1-sd,draft,,CDAActMoodIntent,CDAActMoodIntent,"An intention or plan to perform a service.","StructureDefinition/fr-cda-order","THO (V3)"
http://hl7.org/cda/stds/core/ValueSet/CDAActRelationshipType,2.0.1-sd,draft,,CDAActRelationshipType,CDAActRelationshipType,"A code specifying the meaning and purpose of every ActRelationship instance. Each of its values implies specific constraints to what kinds of Act objects can be related and in which way.","StructureDefinition/fr-cda-documentation-of","THO (V3)"
http://hl7.org/cda/stds/core/ValueSet/CDAContextControl,2.0.1-sd,draft,,CDAContextControl,CDAContextControl,"A code that specifies how an ActRelationship or Participation contributes to the context of an Act, and whether it may be propagated to descendent Acts whose association allows such propagation.","StructureDefinition/fr-cda-author,StructureDefinition/fr-cda-legal-authenticator,StructureDefinition/fr-cda-participant,StructureDefinition/fr-cda-data-enterer,StructureDefinition/fr-cda-informant,StructureDefinition/fr-cda-record-target","THO (V3)"
http://hl7.org/cda/stds/core/ValueSet/CDAEntityCode,2.0.1-sd,draft,,CDAEntityCode,CDAEntityCode,"A value representing the specific kind of Entity the instance represents.","StructureDefinition/fr-cda-authoring-device","THO (V3)"
http://hl7.org/cda/stds/core/ValueSet/CDAEntityNameUse,2.0.1-sd,draft,,CDAEntityNameUse,CDAEntityNameUse,"A set of codes advising a system or user which name in a set of names to select for a given purpose - limited to values allowed in original CDA definition","StructureDefinition/fr-cda-patient,StructureDefinition/fr-cda-name","THO (V3)"
http://hl7.org/cda/stds/core/ValueSet/CDAInformationRecipientRole,2.0.1-sd,draft,,CDAInformationRecipientRole,CDAInformationRecipientRole,"Used to represent the role(s) of those who should receive a copy of a document - limited to values allowed in original CDA definition","StructureDefinition/fr-cda-intended-recipient","THO (V3)"
http://hl7.org/cda/stds/core/ValueSet/CDANullFlavor,2.0.1-sd,draft,,CDANullFlavor,CDANullFlavor,"CDA NullFlavors - limited to values allowed in original CDA definition","StructureDefinition/fr-cda-author,StructureDefinition/fr-cda-patient,StructureDefinition/fr-cda-clinical-document,StructureDefinition/fr-cda-participant,StructureDefinition/fr-cda-authorization,StructureDefinition/fr-cda-authoring-device,StructureDefinition/fr-cda-service-event,StructureDefinition/fr-cda-assigned-custodian,StructureDefinition/fr-cda-inFulfillment-of,StructureDefinition/fr-cda-parent-document,StructureDefinition/fr-cda-authenticator,StructureDefinition/fr-cda-related-document,StructureDefinition/fr-cda-information-recipient,StructureDefinition/fr-cda-legal-authenticator,StructureDefinition/fr-cda-name,StructureDefinition/fr-cda-custodian,StructureDefinition/fr-cda-performer,StructureDefinition/fr-cda-health-care-facility,StructureDefinition/fr-cda-assigned-person,StructureDefinition/fr-cda-assigned-author,StructureDefinition/fr-cda-informant,StructureDefinition/fr-cda-documentation-of,StructureDefinition/fr-cda-intended-recipient,StructureDefinition/fr-cda-record-target,StructureDefinition/fr-cda-encompassing-encounter,StructureDefinition/fr-cda-represented-custodian-organization,StructureDefinition/fr-cda-component-of,StructureDefinition/fr-cda-related-entity,StructureDefinition/fr-cda-encounter-participant,StructureDefinition/fr-cda-data-enterer,StructureDefinition/fr-cda-order,StructureDefinition/fr-cda-represented-organization,StructureDefinition/fr-cda-assigned-entity,StructureDefinition/fr-cda-associated-entity,StructureDefinition/fr-cda-patient-role","THO (V3)"
http://hl7.org/cda/stds/core/ValueSet/CDAParticipationType,2.0.1-sd,draft,,CDAParticipationType,CDAParticipationType,"A code specifying the meaning and purpose of every Participation instance. Each of its values implies specific constraints on the Roles undertaking the participation. Limited to values allowed in original CDA definition","StructureDefinition/fr-cda-author,StructureDefinition/fr-cda-legal-authenticator,StructureDefinition/fr-cda-custodian,StructureDefinition/fr-cda-participant,StructureDefinition/fr-cda-data-enterer,StructureDefinition/fr-cda-authenticator,StructureDefinition/fr-cda-informant,StructureDefinition/fr-cda-record-target,StructureDefinition/fr-cda-encompassing-encounter","THO (V3)"
http://hl7.org/cda/stds/core/ValueSet/CDARoleCode,2.0.1-sd,draft,,CDARoleCode,CDARoleCode,"A set of codes further specifying the kind of Role; specific classification codes for further qualifying RoleClass codes.","StructureDefinition/fr-cda-assigned-entity","THO (V3)"
http://hl7.org/cda/stds/core/ValueSet/CDASetOperator,2.0.1-sd,draft,,CDASetOperator,CDASetOperator,"Determins the intersectionality of multiple sets","StructureDefinition/fr-cda-participant,StructureDefinition/fr-cda-service-event","THO (V3)"
http://hl7.org/cda/stds/core/ValueSet/CDASignatureCode,2.0.1-sd,draft,,CDASignatureCode,CDASignatureCode,"A set of codes specifying whether and how the participant has attested his participation through a signature - limited to values allowed in original CDA definition.  **Note:** CDA Release One represented either an intended (`X`) or actual (`S`) authenticator. CDA Release Two only represents an actual authenticator, so has deprecated the value of `X`.","StructureDefinition/fr-cda-legal-authenticator,StructureDefinition/fr-cda-authenticator","THO (V3)"
http://hl7.org/fhir/ValueSet/address-type,4.0.1,active,"2.16.840.1.113883.4.642.3.69",AddressType,AddressType,"The type of an address (physical / postal).","StructureDefinition/fr-lm-patient-usager,StructureDefinition/fr-patient-ins-document","hl7.fhir.r4.core"
http://hl7.org/fhir/ValueSet/address-use,4.0.1,active,"2.16.840.1.113883.4.642.3.67",AddressUse,AddressUse,"The use of an address.","StructureDefinition/fr-lm-patient-usager,StructureDefinition/fr-patient-ins-document","hl7.fhir.r4.core"
http://hl7.org/fhir/ValueSet/administrative-gender,4.0.1,active,"2.16.840.1.113883.4.642.3.1",AdministrativeGender,AdministrativeGender,"The gender of a person used for administrative purposes.","StructureDefinition/fr-practitioner-document,StructureDefinition/fr-patient-ins-document,StructureDefinition/fr-related-person-document,StructureDefinition/fr-patient-document","hl7.fhir.r4.core"
http://hl7.org/fhir/ValueSet/all-languages,4.0.1,active,"2.16.840.1.113883.4.642.3.21",AllLanguages,All Languages,"This value set includes all possible codes from BCP-47 (http://tools.ietf.org/html/bcp47)","StructureDefinition/fr-cda-clinical-document","hl7.terminology.r4"
http://hl7.org/fhir/ValueSet/bundle-type,4.0.1,active,"2.16.840.1.113883.4.642.3.620",BundleType,BundleType,"Indicates the purpose of a bundle - how it is intended to be used.","StructureDefinition/fr-bundle-document","hl7.fhir.r4.core"
http://hl7.org/fhir/ValueSet/common-tags,4.0.1,draft,"2.16.840.1.113883.4.642.3.79",CommonTags,Common Tags,"Common Tag Codes defined by FHIR project","StructureDefinition/fr-organization-document,StructureDefinition/fr-practitioner-document,StructureDefinition/fr-patient-ins-document,StructureDefinition/fr-practitionerRole-document,StructureDefinition/fr-location-document,StructureDefinition/fr-encounter-care-document,StructureDefinition/fr-composition-document,StructureDefinition/fr-related-person-document,StructureDefinition/fr-patient-document","THO"
http://hl7.org/fhir/ValueSet/composition-attestation-mode,4.0.1,draft,"2.16.840.1.113883.4.642.3.238",CompositionAttestationMode,CompositionAttestationMode,"The way in which a person authenticated a composition.","StructureDefinition/fr-composition-document","hl7.fhir.r4.core"
http://hl7.org/fhir/ValueSet/composition-status,4.0.1,draft,"2.16.840.1.113883.4.642.3.241",CompositionStatus,CompositionStatus,"The workflow/clinical status of the composition.","StructureDefinition/fr-composition-document","hl7.fhir.r4.core"
http://hl7.org/fhir/ValueSet/contact-point-system,4.0.1,active,"2.16.840.1.113883.4.642.3.71",ContactPointSystem,ContactPointSystem,"Telecommunications form for contact point.","StructureDefinition/fr-organization-document,StructureDefinition/fr-practitioner-document,StructureDefinition/fr-practitionerRole-document","hl7.fhir.r4.core"
http://hl7.org/fhir/ValueSet/contact-point-use,4.0.1,active,"2.16.840.1.113883.4.642.3.73",ContactPointUse,ContactPointUse,"Use of contact point.","StructureDefinition/fr-organization-document,StructureDefinition/fr-practitioner-document,StructureDefinition/fr-practitionerRole-document","hl7.fhir.r4.core"
http://hl7.org/fhir/ValueSet/contactentity-type,4.0.1,draft,"2.16.840.1.113883.4.642.3.416",ContactEntityType,Contact entity type,"This example value set defines a set of codes that can be used to indicate the purpose for which you would contact a contact party.","StructureDefinition/fr-organization-document","THO"
http://hl7.org/fhir/ValueSet/days-of-week,4.0.1,active,"2.16.840.1.113883.4.642.3.512",DaysOfWeek,DaysOfWeek,"The days of the week.","StructureDefinition/fr-practitionerRole-document,StructureDefinition/fr-location-document","hl7.fhir.r4.core"
http://hl7.org/fhir/ValueSet/device-nametype,4.0.1,draft,"2.16.840.1.113883.4.642.3.1083",DeviceNameType,DeviceNameType,"The type of name the device is referred by.","StructureDefinition/fr-device-auteur-document","hl7.fhir.r4.core"
http://hl7.org/fhir/ValueSet/device-status,4.0.1,draft,"2.16.840.1.113883.4.642.3.209",FHIRDeviceStatus,FHIRDeviceStatus,"The availability status of the device.","StructureDefinition/fr-device-auteur-document","hl7.fhir.r4.core"
http://hl7.org/fhir/ValueSet/device-status-reason,4.0.1,draft,"2.16.840.1.113883.4.642.3.1081",FHIRDeviceStatusReason,FHIRDeviceStatusReason,"The availability status reason of the device.","StructureDefinition/fr-device-auteur-document","THO"
http://hl7.org/fhir/ValueSet/diagnosis-role,4.0.1,draft,"2.16.840.1.113883.4.642.3.49",DiagnosisRole,DiagnosisRole,"This value set defines a set of codes that can be used to express the role of a diagnosis on the Encounter or EpisodeOfCare record.","StructureDefinition/fr-encounter-care-document","THO"
http://hl7.org/fhir/ValueSet/doc-typecodes,4.0.1,draft,"2.16.840.1.113883.4.642.3.240",FHIRDocumentTypeCodes,FHIR Document Type Codes,"FHIR Document Codes - all LOINC codes where scale type = 'DOC'.","StructureDefinition/fr-cda-clinical-document,StructureDefinition/fr-cda-parent-document,StructureDefinition/fr-composition-document","LOINC"
http://hl7.org/fhir/ValueSet/document-classcodes,4.0.1,active,"2.16.840.1.113883.3.88.12.80.46",DocumentClassValueSet,Document Class Value Set,"This is the code specifying the high-level kind of document (e.g. Prescription, Discharge Summary, Report, etc.). Note: Class code for documents comes from LOINC, and is based upon one of the following:The type of service described by the document. It is described at a very high level in Section 7.3 of the LOINC Manual. The type study performed. It was determined by identifying modalities for study reports. The section of the chart where the document is placed. It was determined from the SETs created for Claims Attachment requests.","StructureDefinition/fr-composition-document","LOINC"
http://hl7.org/fhir/ValueSet/document-relationship-type,4.0.1,draft,"2.16.840.1.113883.4.642.3.244",DocumentRelationshipType,DocumentRelationshipType,"The type of relationship between documents.","StructureDefinition/fr-composition-document","hl7.fhir.r4.core"
http://hl7.org/fhir/ValueSet/encounter-admit-source,4.0.1,draft,"2.16.840.1.113883.4.642.3.257",AdmitSource,Admit source,"This value set defines a set of codes that can be used to indicate from where the patient came in.","StructureDefinition/fr-encounter-care-document","THO"
http://hl7.org/fhir/ValueSet/encounter-diet,4.0.1,draft,"2.16.840.1.113883.4.642.3.255",Diet,Diet,"This value set defines a set of codes that can be used to indicate dietary preferences or restrictions a patient may have.","StructureDefinition/fr-encounter-care-document","THO"
http://hl7.org/fhir/ValueSet/encounter-location-status,4.0.1,draft,"2.16.840.1.113883.4.642.3.262",EncounterLocationStatus,EncounterLocationStatus,"The status of the location.","StructureDefinition/fr-encounter-care-document","hl7.fhir.r4.core"
http://hl7.org/fhir/ValueSet/encounter-participant-type,4.0.1,draft,"2.16.840.1.113883.4.642.3.250",ParticipantType,Participant type,"This value set defines a set of codes that can be used to indicate how an individual participates in an encounter.","StructureDefinition/fr-encounter-care-document","THO (V3),THO"
http://hl7.org/fhir/ValueSet/encounter-reason,4.0.1,draft,"2.16.840.1.113883.4.642.3.261",EncounterReasonCodes,Encounter Reason Codes,"This examples value set defines the set of codes that can be used to indicate reasons for an encounter.","StructureDefinition/fr-encounter-care-document","SCT"
http://hl7.org/fhir/ValueSet/encounter-special-arrangements,4.0.1,draft,"2.16.840.1.113883.4.642.3.253",SpecialArrangements,Special arrangements,"This value set defines a set of codes that can be used to indicate the kinds of special arrangements in place for a patients visit.","StructureDefinition/fr-encounter-care-document","THO"
http://hl7.org/fhir/ValueSet/encounter-special-courtesy,4.0.1,draft,"2.16.840.1.113883.4.642.3.252",SpecialCourtesy,Special courtesy,"This value set defines a set of codes that can be used to indicate special courtesies provided to the patient.","StructureDefinition/fr-encounter-care-document","THO (V3)"
http://hl7.org/fhir/ValueSet/encounter-status,4.0.1,draft,"2.16.840.1.113883.4.642.3.246",EncounterStatus,EncounterStatus,"Current state of the encounter.","StructureDefinition/fr-encounter-care-document","hl7.fhir.r4.core"
http://hl7.org/fhir/ValueSet/http-verb,4.0.1,active,"2.16.840.1.113883.4.642.3.624",HTTPVerb,HTTPVerb,"HTTP verbs (in the HTTP command line). See [HTTP rfc](https://tools.ietf.org/html/rfc7231) for details.","StructureDefinition/fr-bundle-document","hl7.fhir.r4.core"
http://hl7.org/fhir/ValueSet/identifier-type,4.0.1,active,"2.16.840.1.113883.4.642.3.45",Identifier Type Codes,IdentifierType,"A coded type for an identifier that can be used to determine which identifier to use for a specific purpose.","StructureDefinition/fr-organization-document,StructureDefinition/fr-practitioner-document,StructureDefinition/fr-patient-ins-document,StructureDefinition/fr-practitionerRole-document,StructureDefinition/fr-composition-document,StructureDefinition/fr-patient-document","THO (V2)"
http://hl7.org/fhir/ValueSet/identifier-use,4.0.1,active,"2.16.840.1.113883.4.642.3.57",IdentifierUse,IdentifierUse,"Identifies the purpose for this identifier, if known .","StructureDefinition/fr-organization-document,StructureDefinition/fr-practitioner-document,StructureDefinition/fr-patient-ins-document,StructureDefinition/fr-practitionerRole-document,StructureDefinition/fr-location-document,StructureDefinition/fr-encounter-care-document,StructureDefinition/fr-composition-document,StructureDefinition/fr-patient-document","hl7.fhir.r4.core"
http://hl7.org/fhir/ValueSet/languages,4.0.1,draft,"2.16.840.1.113883.4.642.3.20",CommonLanguages,Common Languages,"This value set includes common codes from BCP-47 (http://tools.ietf.org/html/bcp47)","StructureDefinition/fr-organization-document,StructureDefinition/fr-practitioner-document,StructureDefinition/fr-patient-ins-document,StructureDefinition/fr-practitionerRole-document,StructureDefinition/fr-device-auteur-document,StructureDefinition/fr-bundle-document,StructureDefinition/fr-location-document,StructureDefinition/fr-encounter-care-document,StructureDefinition/fr-composition-document,StructureDefinition/fr-related-person-document,StructureDefinition/fr-patient-document","hl7.terminology.r4"
http://hl7.org/fhir/ValueSet/link-type,4.0.1,active,"2.16.840.1.113883.4.642.3.423",LinkType,LinkType,"The type of link between this patient resource and another patient resource.","StructureDefinition/fr-patient-ins-document,StructureDefinition/fr-patient-document","hl7.fhir.r4.core"
http://hl7.org/fhir/ValueSet/location-mode,4.0.1,draft,"2.16.840.1.113883.4.642.3.330",LocationMode,LocationMode,"Indicates whether a resource instance represents a specific location or a class of locations.","StructureDefinition/fr-location-document","hl7.fhir.r4.core"
http://hl7.org/fhir/ValueSet/location-status,4.0.1,draft,"2.16.840.1.113883.4.642.3.332",LocationStatus,LocationStatus,"Indicates whether the location is still in use.","StructureDefinition/fr-location-document","hl7.fhir.r4.core"
http://hl7.org/fhir/ValueSet/name-use,4.0.1,active,"2.16.840.1.113883.4.642.3.65",NameUse,NameUse,"The use of a human name.","StructureDefinition/fr-practitioner-document,StructureDefinition/fr-patient-ins-document,StructureDefinition/fr-human-name-document,StructureDefinition/fr-related-person-document,StructureDefinition/fr-patient-document","hl7.fhir.r4.core"
http://hl7.org/fhir/ValueSet/organization-type,4.0.1,draft,"2.16.840.1.113883.4.642.3.414",OrganizationType,Organization type,"This example value set defines a set of codes that can be used to indicate a type of organization.","StructureDefinition/fr-organization-document","THO"
http://hl7.org/fhir/ValueSet/patient-contactrelationship,4.0.1,active,"2.16.840.1.113883.4.642.3.1130",PatientContactRelationship,Patient Contact Relationship ,"The nature of the relationship between the patient and the contact person.","StructureDefinition/fr-patient-ins-document,StructureDefinition/fr-patient-document","THO (V2)"
http://hl7.org/fhir/ValueSet/relatedperson-relationshiptype,4.0.1,draft,"2.16.840.1.113883.4.642.3.449",PatientRelationshipType,Patient relationship type,"A set of codes that can be used to indicate the relationship between a Patient and a Related Person.","StructureDefinition/fr-related-person-document","THO (V3),THO (V2)"
http://hl7.org/fhir/ValueSet/resource-types,4.0.1,active,"2.16.840.1.113883.4.642.3.27",ResourceType,ResourceType,"One of the resource types defined as part of this version of FHIR.","StructureDefinition/fr-location-document,StructureDefinition/fr-composition-document","hl7.fhir.r4.core"
http://hl7.org/fhir/ValueSet/search-entry-mode,4.0.1,active,"2.16.840.1.113883.4.642.3.622",SearchEntryMode,SearchEntryMode,"Why an entry is in the result set - whether it's included as a match or because of an _include requirement, or to convey information or warning information about the search process.","StructureDefinition/fr-bundle-document","hl7.fhir.r4.core"
http://hl7.org/fhir/ValueSet/security-labels,4.0.1,active,"2.16.840.1.113883.4.642.3.47",All Security Labels,SecurityLabels,"A single value set for all security labels defined by FHIR.","StructureDefinition/fr-organization-document,StructureDefinition/fr-practitioner-document,StructureDefinition/fr-patient-ins-document,StructureDefinition/fr-practitionerRole-document,StructureDefinition/fr-location-document,StructureDefinition/fr-encounter-care-document,StructureDefinition/fr-composition-document,StructureDefinition/fr-related-person-document,StructureDefinition/fr-patient-document",
http://hl7.org/fhir/ValueSet/service-type,4.0.1,draft,"2.16.840.1.113883.4.642.3.518",ServiceType,Service type,"This value set defines an example set of codes of service-types.","StructureDefinition/fr-encounter-care-document","THO"
http://hl7.org/fhir/ValueSet/udi-entry-type,4.0.1,draft,"2.16.840.1.113883.4.642.3.211",UDIEntryType,UDIEntryType,"Codes to identify how UDI data was entered.","StructureDefinition/fr-device-auteur-document","hl7.fhir.r4.core"
http://terminology.hl7.org/ValueSet/v2-0092,2.0.0,active,"2.16.840.1.113883.21.40",Hl7VSReAdmissionIndicator,hl7VS-re-admissionIndicator,"Value Set of codes which are used to specify that a patient is being re-admitted to a healthcare facility from which they were discharged, and indicates the circumstances around such re-admission.","StructureDefinition/fr-encounter-care-document","THO (V2)"
http://terminology.hl7.org/ValueSet/v2-0116,2.0.0,active,"2.16.840.1.113883.21.51",Hl7VSBedStatus,hl7VS-bedStatus,"Value Set of codes that specify the state of a bed in an inpatient setting, and is used to determine if a patient may be assigned to it or not.","StructureDefinition/fr-location-document","THO (V2)"
http://terminology.hl7.org/ValueSet/v2-2.7-0360,0360,active,,v2.0360.2.7,v2 table 0360, Version 2.7,"FHIR Value set/code system definition for HL7 v2 table 0360 ver 2.9 ( Degree/License/Certificate)","StructureDefinition/fr-practitioner-document","THO (V2)"
http://terminology.hl7.org/ValueSet/v3-ActClassClinicalDocument,3.0.0,active,"2.16.840.1.113883.1.11.13948",ActClassClinicalDocument,ActClassClinicalDocument,"A clinical document is a documentation of clinical observations and services, with the following characteristics: (1) Persistence - A clinical document continues to exist in an unaltered state, for a time period defined by local and regulatory requirements; (2) Stewardship - A clinical document is maintained by a person or organization entrusted with its care; (3) Potential for authentication - A clinical document is an assemblage of information that is intended to be legally authenticated; (4) Wholeness - Authentication of a clinical document applies to the whole and does not apply to portions of the document without the full context of the document; (5) Human readability - A clinical document is human readable.""","StructureDefinition/fr-cda-parent-document","THO (V3)"
http://terminology.hl7.org/ValueSet/v3-ActCode,3.0.0,active,,ActCode,v3 Code System ActCode,"A code specifying the particular kind of Act that the Act-instance represents within its class.  Constraints:  The kind of Act (e.g. physical examination, serum potassium, inpatient encounter, charge financial transaction, etc.) is specified with a code from one of several, typically external, coding systems.  The coding system will depend on the class of Act, such as LOINC for observations, etc. Conceptually, the Act.code must be a specialization of the Act.classCode. This is why the structure of ActClass domain should be reflected in the superstructure of the ActCode domain and then individual codes or externally referenced vocabularies subordinated under these domains that reflect the ActClass structure. Act.classCode and Act.code are not modifiers of each other but the Act.code concept should really imply the Act.classCode concept. For a negative example, it is not appropriate to use an Act.code ""potassium"" together with and Act.classCode for ""laboratory observation"" to somehow mean ""potassium laboratory observation"" and then use the same Act.code for ""potassium"" together with Act.classCode for ""medication"" to mean ""substitution of potassium"". This mutually modifying use of Act.code and Act.classCode is not permitted.","StructureDefinition/fr-cda-authorization,StructureDefinition/fr-cda-order,StructureDefinition/fr-composition-document","THO (V3)"
http://terminology.hl7.org/ValueSet/v3-ActEncounterCode,3.0.0,active,"2.16.840.1.113883.1.11.13955",ActEncounterCode,ActEncounterCode,"Domain provides codes that qualify the ActEncounterClass (ENC)","StructureDefinition/fr-encounter-care-document","THO (V3)"
http://terminology.hl7.org/ValueSet/v3-ActPriority,3.0.0,active,"2.16.840.1.113883.1.11.16866",ActPriority,ActPriority,"A code or set of codes (e.g., for routine, emergency,) specifying the urgency under which the Act happened, can happen, is happening, is intended to happen, or is requested/demanded to happen.    *Discussion:* This attribute is used in orders to indicate the ordered priority, and in event documentation it indicates the actual priority used to perform the act. In definition mood it indicates the available priorities.","StructureDefinition/fr-cda-order,StructureDefinition/fr-encounter-care-document","THO (V3)"
http://terminology.hl7.org/ValueSet/v3-ActRelationshipAuthorizedBy,3.0.0,active,"2.16.840.1.113883.1.11.19965",ActRelationshipAuthorizedBy,ActRelationshipAuthorizedBy,"A relationship in which the target act authorizes or certifies the source act.","StructureDefinition/fr-cda-authorization","THO (V3)"
http://terminology.hl7.org/ValueSet/v3-ActRelationshipFulfills,2.0.0,active,"2.16.840.1.113883.1.11.10342",ActRelationshipFulfills,ActRelationshipFulfills,"The source act fulfills (in whole or in part) the target act. Source act must be in a mood equal or more actual than the target act.","StructureDefinition/fr-cda-inFulfillment-of","THO (V3)"
http://terminology.hl7.org/ValueSet/v3-ActRelationshipHasComponent,3.0.0,active,"2.16.840.1.113883.1.11.10318",ActRelationshipHasComponent,ActRelationshipHasComponent,"A collection of sub-services as steps or subtasks performed for the source service. Services may be performed sequentially or concurrently.","StructureDefinition/fr-cda-component-of","THO (V3)"
http://terminology.hl7.org/ValueSet/v3-ActStatus,3.0.0,active,"2.16.840.1.113883.1.11.15933",ActStatus,ActStatus,"Contains the names (codes) for each of the states in the state-machine of the RIM Act class.","StructureDefinition/fr-cda-clinical-document,StructureDefinition/fr-cda-authorization","THO (V3)"
http://terminology.hl7.org/ValueSet/v3-ConfidentialityClassification,2014-03-26,active,"2.16.840.1.113883.1.11.10228",v3.ConfidentialityClassification,V3 Value SetConfidentialityClassification," Set of codes used to value Act.Confidentiality and Role.Confidentiality attribute in accordance with the definition for concept domain ""Confidentiality"".","StructureDefinition/fr-composition-document","THO (V3)"
http://terminology.hl7.org/ValueSet/v3-EntityClassDevice,3.0.0,active,"2.16.840.1.113883.1.11.11623",EntityClassDevice,EntityClassDevice,"A subtype of ManufacturedMaterial used in an activity, without being substantially changed through that activity. The kind of device is identified by the code attribute inherited from Entity.    *Usage:* This includes durable (reusable) medical equipment as well as disposable equipment.","StructureDefinition/fr-cda-authoring-device","THO (V3)"
http://terminology.hl7.org/ValueSet/v3-EntityClassLivingSubject,3.0.0,active,"2.16.840.1.113883.1.11.10884",EntityClassLivingSubject,EntityClassLivingSubject,"Anything that essentially has the property of life, independent of current state (a dead human corpse is still essentially a living subject.)","StructureDefinition/fr-cda-patient,StructureDefinition/fr-cda-assigned-person","THO (V3)"
http://terminology.hl7.org/ValueSet/v3-EntityClassOrganization,3.0.0,active,"2.16.840.1.113883.1.11.10889",EntityClassOrganization,EntityClassOrganization,"A social or legal structure formed by human beings.","StructureDefinition/fr-cda-represented-organization,StructureDefinition/fr-cda-intended-recipient,StructureDefinition/fr-cda-represented-custodian-organization","THO (V3)"
http://terminology.hl7.org/ValueSet/v3-EntityDeterminer,3.0.0,active,"2.16.840.1.113883.1.11.10878",EntityDeterminer,EntityDeterminer,"EntityDeterminer in natural language grammar is the class of words that comprises articles, demonstrative pronouns, and quantifiers. In the RIM, determiner is a structural code in the Entity class to distinguish whether any given Entity object stands for some, any one, or a specific thing.","StructureDefinition/fr-cda-patient,StructureDefinition/fr-cda-assigned-person,StructureDefinition/fr-cda-authoring-device,StructureDefinition/fr-cda-represented-organization,StructureDefinition/fr-cda-intended-recipient,StructureDefinition/fr-cda-represented-custodian-organization","THO (V3)"
http://terminology.hl7.org/ValueSet/v3-Ethnicity,3.0.0,active,"2.16.840.1.113883.1.11.15836",Ethnicity,Ethnicity,"In the United States, federal standards for classifying data on ethnicity determine the categories used by federal agencies and exert a strong influence on categorization by state and local agencies and private sector organizations. The federal standards do not conceptually define ethnicity, and they recognize the absence of an anthropological or scientific basis for ethnicity classification. Instead, the federal standards acknowledge that ethnicity is a social-political construct in which an individual's own identification with a particular ethnicity is preferred to observer identification. The standards specify two minimum ethnicity categories: Hispanic or Latino, and Not Hispanic or Latino. The standards define a Hispanic or Latino as a person of ""Mexican, Puerto Rican, Cuban, South or Central America, or other Spanish culture or origin, regardless of race."" The standards stipulate that ethnicity data need not be limited to the two minimum categories, but any expansion must be collapsible to those categories. In addition, the standards stipulate that an individual can be Hispanic or Latino or can be Not Hispanic or Latino, but cannot be both.","StructureDefinition/fr-cda-patient","THO (V3)"
http://terminology.hl7.org/ValueSet/v3-ManufacturerModelNameExample,2.0.0,active,"2.16.840.1.113883.11.21014",ManufacturerModelNameExample,Manufacturer Model Name Example,"An example value set representing the ManufacturerModelName concept domain used  to convey a coded name for the software used to author content.","StructureDefinition/fr-cda-authoring-device","THO (V3)"
http://terminology.hl7.org/ValueSet/v3-MaritalStatus,3.0.0,active,"2.16.840.1.113883.1.11.12212",MaritalStatus,MaritalStatus,"The domestic partnership status of a person.    *Example:*Married, separated, divorced, widowed, common-law marriage.","StructureDefinition/fr-cda-patient","THO (V3)"
http://terminology.hl7.org/ValueSet/v3-OrganizationIndustryClassNAICS,3.0.0,active,"2.16.840.1.113883.1.11.19298",OrganizationIndustryClassNAICS,OrganizationIndustryClassNAICS,"***No description***","StructureDefinition/fr-cda-represented-organization,StructureDefinition/fr-cda-intended-recipient","THO"
http://terminology.hl7.org/ValueSet/v3-ParticipationFunction,3.0.0,active,"2.16.840.1.113883.1.11.10267",ParticipationFunction,ParticipationFunction,"This code is used to specify the exact function an actor had in a service in all necessary detail. This domain may include local extensions (CWE).","StructureDefinition/fr-composition-document","THO (V3)"
http://terminology.hl7.org/ValueSet/v3-ParticipationTargetLocation,3.0.0,active,"2.16.840.1.113883.1.11.10302",ParticipationTargetLocation,ParticipationTargetLocation,"The facility where the service is done. May be a static building (or room therein) or a moving location (e.g., ambulance, helicopter, aircraft, train, truck, ship, etc.)","StructureDefinition/fr-cda-encompassing-encounter","THO (V3)"
http://terminology.hl7.org/ValueSet/v3-Race,3.0.0,active,"2.16.840.1.113883.1.11.14914",Race,Race,"In the United States, federal standards for classifying data on race determine the categories used by federal agencies and exert a strong influence on categorization by state and local agencies and private sector organizations. The federal standards do not conceptually define race, and they recognize the absence of an anthropological or scientific basis for racial classification. Instead, the federal standards acknowledge that race is a social-political construct in which an individual's own identification with one more race categories is preferred to observer identification. The standards use a variety of features to define five minimum race categories. Among these features are descent from ""the original peoples"" of a specified region or nation. The minimum race categories are American Indian or Alaska Native, Asian, Black or African American, Native Hawaiian or Other Pacific Islander, and White. The federal standards stipulate that race data need not be limited to the five minimum categories, but any expansion must be collapsible to those categories.","StructureDefinition/fr-cda-patient","THO (V3)"
http://terminology.hl7.org/ValueSet/v3-ReligiousAffiliation,3.0.0,active,"2.16.840.1.113883.1.11.19185",ReligiousAffiliation,ReligiousAffiliation,"Assigment of spiritual faith affiliation","StructureDefinition/fr-cda-patient","THO (V3)"
http://terminology.hl7.org/ValueSet/v3-RoleClassAssignedEntity,3.0.0,active,"2.16.840.1.113883.1.11.11595",RoleClassAssignedEntity,RoleClassAssignedEntity,"An agent role in which the agent is an Entity acting in the employ of an organization. The focus is on functional role on behalf of the organization, unlike the Employee role where the focus is on the 'Human Resources' relationship between the employee and the organization.","StructureDefinition/fr-cda-legal-authenticator,StructureDefinition/fr-cda-assigned-custodian,StructureDefinition/fr-cda-performer,StructureDefinition/fr-cda-service-event,StructureDefinition/fr-cda-assigned-author,StructureDefinition/fr-cda-assigned-entity","THO (V3)"
http://terminology.hl7.org/ValueSet/v3-RoleClassRelationshipFormal,3.0.0,active,"2.16.840.1.113883.1.11.10416",RoleClassRelationshipFormal,RoleClassRelationshipFormal,"A relationship between two entities that is formally recognized, frequently by a contract or similar agreement.","StructureDefinition/fr-cda-patient-role","THO (V3)"
http://terminology.hl7.org/ValueSet/v3-RoleClassServiceDeliveryLocation,3.0.0,active,"2.16.840.1.113883.1.11.16927",RoleClassServiceDeliveryLocation,RoleClassServiceDeliveryLocation,"A role played by a place at which services may be provided.","StructureDefinition/fr-cda-health-care-facility","THO (V3)"
http://terminology.hl7.org/ValueSet/v3-SoftwareNameExample,2.0.0,active,"2.16.840.1.113883.11.21015",SoftwareNameExample,Software Name Example,"An example value set representing the SoftwareName concept domain used to convey a coded name for a device..","StructureDefinition/fr-cda-authoring-device","THO (V3)"
http://terminology.hl7.org/ValueSet/v3-USEncounterDischargeDisposition,5.0.0,active,"2.16.840.1.113883.1.11.19453",USEncounterDischargeDisposition,USEncounterDischargeDisposition,"These codes cannot be displayed because of AHA's NUBC Patient Discharge Status Codes Intellectual Property (IP) restrictions. To access these codes, see the [National Uniform Billing Committee](http://www.nubc.org/), manual UB-04, UB form locator 17.","StructureDefinition/fr-cda-encompassing-encounter","hl7.terminology.r4"
http://terminology.hl7.org/ValueSet/v3-xActRelationshipDocument,3.0.0,active,"2.16.840.1.113883.1.11.11610",XActRelationshipDocument,x_ActRelationshipDocument,"Used to enumerate the relationships between two clinical documents for document management.","StructureDefinition/fr-cda-related-document","THO (V3)"
http://terminology.hl7.org/ValueSet/v3-xInformationRecipient,2.0.0,active,"2.16.840.1.113883.1.11.19366",XInformationRecipient,x_InformationRecipient,"Used to represent participant(s) who should receive a copy of a document.","StructureDefinition/fr-cda-information-recipient","THO (V3)"
http://terminology.hl7.org/ValueSet/v3-xServiceEventPerformer,3.0.0,active,"2.16.840.1.113883.1.11.19601",XServiceEventPerformer,x_ServiceEventPerformer,"Clones using this x\_domain should have a name ""performer"".","StructureDefinition/fr-cda-performer,StructureDefinition/fr-cda-service-event","THO (V3)"
https://hl7.fr/ig/fhir/core/ValueSet/fr-core-vs-encounter-discharge-disposition,2.1.0,active,,FRCoreValueSetEncounterDischargeDisposition,FR Core ValueSet Encounter discharge disposition,"This value set defines a set of codes that can be used to where the patient left the hospital | Circonstances de sortie de l'hôpital.","StructureDefinition/fr-encounter-care-document","hl7.fhir.fr.core,THO"
https://hl7.fr/ig/fhir/core/ValueSet/fr-core-vs-encounter-identifier-type,2.1.0,active,,FRCoreValueSetEncounterIdentifierType,FR Core ValueSet Encounter identifier type,"A coded type for an identifier that can be used to determine which identifier to use for a specific purpose (Encounters).","StructureDefinition/fr-encounter-care-document","hl7.fhir.fr.core"
https://hl7.fr/ig/fhir/core/ValueSet/fr-core-vs-encounter-type,2.1.0,active,,FRCoreValueSetEncounterType,FR Core ValueSet Encounter type,"A coded type for an encounter | Jeu de valeurs des types de rencontre.","StructureDefinition/fr-encounter-care-document","THO (V2),hl7.fhir.fr.core"
https://hl7.fr/ig/fhir/core/ValueSet/fr-core-vs-location-identifier-type,2.1.0,active,,FRCoreValueSetLocationIdentifierType,FR Core ValueSet Location identifier type,"A coded type for a location | Jeu de valeurs des types d'identifiant de lieu.","StructureDefinition/fr-location-document","hl7.fhir.fr.core"
https://hl7.fr/ig/fhir/core/ValueSet/fr-core-vs-location-physical-type,2.1.0,active,,FRCoreValueSetLocationPhysicalType,FR Core ValueSet Location physical type,"French location physical type | Types de lieux physiques pour la France","StructureDefinition/fr-location-document,StructureDefinition/fr-encounter-care-document","hl7.fhir.fr.core"
https://hl7.fr/ig/fhir/core/ValueSet/fr-core-vs-location-type,2.1.0,active,,FRCoreValueSetLocationType,FR Core ValueSet Location type,"A role for a location | Jeu de valeurs du rôle joué par un lieu","StructureDefinition/fr-location-document","hl7.fhir.fr.core"
https://hl7.fr/ig/fhir/core/ValueSet/fr-core-vs-marital-status,2.1.0,active,,FRCoreValueSetMaritalStatus,FR Core ValueSet Patient gender INS ValueSet,"Patient Gender for INS : male | female | unknown","StructureDefinition/fr-patient-ins-document,StructureDefinition/fr-patient-document","THO (V3),hl7.fhir.fr.core"
https://hl7.fr/ig/fhir/core/ValueSet/fr-core-vs-organization-type,2.1.0,active,,FRCoreValueSetOrganizationType,FR Core ValueSet Organization type,"Organization types | Types de structures","StructureDefinition/fr-organization-document","hl7.fhir.fr.core"
https://hl7.fr/ig/fhir/core/ValueSet/fr-core-vs-patient-contact-role,2.1.0,active,,FRCoreValueSetPatientContactRole,FR Core ValueSet Patient contact role,"ValueSet patient contact role","StructureDefinition/fr-related-person-document,StructureDefinition/fr-patient-document","ans.fr.terminologies,THO (V2)"
https://hl7.fr/ig/fhir/core/ValueSet/fr-core-vs-patient-gender-INS,2.1.0,active,,FRCoreValueSetPatientGenderINS,FR Core ValueSet Patient gender INS ValueSet,"Patient Gender for INS : male | female | unknown","StructureDefinition/fr-patient-ins-document","hl7.fhir.r4.core"
https://hl7.fr/ig/fhir/core/ValueSet/fr-core-vs-patient-identifier-type,2.1.0,active,,FRCoreValueSetPatientIdentifierType,FR Core ValueSet Patient identifier type,"A coded type for an identifier that can be used to determine which identifier to use for a specific purpose (identification of a patient).","StructureDefinition/fr-patient-document","THO (V2),hl7.fhir.fr.core"
https://hl7.fr/ig/fhir/core/ValueSet/fr-core-vs-practitioner-role-exercice,2.1.0,active,,FRCoreValueSetPractitionerRoleExercice,FR Core ValueSet PractitionerRole Exercice,"The exercice(s) of the practitioner.","StructureDefinition/fr-practitionerRole-document","ans.fr.terminologies"
https://hl7.fr/ig/fhir/core/ValueSet/fr-core-vs-practitioner-specialty,2.1.0,active,,FRCoreValueSetPractitionerSpecialty,FR Core ValueSet Practitioner specialty,"The modalities of exercice of the practitioner, registered by an official organization for a period of time.","StructureDefinition/fr-practitionerRole-document","ans.fr.terminologies"
https://hl7.fr/ig/fhir/core/ValueSet/fr-core-vs-relation-type,2.1.0,active,,FRCoreValueSetPatientRelationType,FR Core ValueSet relation type,"ValueSet relation type","StructureDefinition/fr-patient-document","ans.fr.terminologies"
https://interop.esante.gouv.fr/ig/document/core/ValueSet/fr-doc-vs-participation-type,0.1.0,draft,,FRValueSetParticipationType,FR ValueSet Participation Type,"Type de participation : destinataire","StructureDefinition/fr-composition-document","THO (V3)"
https://interop.esante.gouv.fr/ig/document/core/ValueSet/fr-doc-vs-role-prise-charge,0.1.0,draft,,FRValueSetRolePriseCharge,Fr ValueSet RolePriseCharge,"Pour les professions 41 (Assistant de service social) et 99 (Acteur caractérisé par son rôle).","StructureDefinition/fr-practitioner-document","ans.fr.terminologies"
https://interop.esante.gouv.fr/ig/fhir/annuaire/ValueSet/as-vs-organization-types,1.1.0,active,,AsVsOrganizationTypes,AS ValueSet OrganizationTypes,"ValueSet définissant les types d'organisation","StructureDefinition/fr-organization-document","ans.fhir.fr.annuaire"
https://interop.esante.gouv.fr/ig/fhir/annuaire/ValueSet/as-vs-type-etablissement,1.1.0,active,,AsVsTypeEtablissement,AS ValueSet type Etablissement,"ValueSet définissant les types d'établissement.","StructureDefinition/fr-organization-document","ans.fhir.fr.annuaire"
https://mos.esante.gouv.fr/NOS/JDV_J01-XdsAuthorSpecialty-CISIS/FHIR/JDV-J01-XdsAuthorSpecialty-CISIS,20250721120000,active,"1.2.250.1.213.1.1.5.461",JDV_J01_XdsAuthorSpecialty_CISIS,,"XDS authorSpecialty CI-SIS","StructureDefinition/fr-cda-legal-authenticator,StructureDefinition/fr-cda-performer,StructureDefinition/fr-cda-service-event,StructureDefinition/fr-cda-assigned-author,StructureDefinition/fr-cda-associated-entity","ans.fr.terminologies"
https://mos.esante.gouv.fr/NOS/JDV_J02-XdsHealthcareFacilityTypeCode-CISIS/FHIR/JDV-J02-XdsHealthcareFacilityTypeCode-CISIS,20250523120000,active,"1.2.250.1.213.1.1.5.466",JDV_J02_XdsHealthcareFacilityTypeCode_CISIS,,"XDS healthcareFacilityTypeCode CI-SIS","StructureDefinition/fr-cda-health-care-facility,StructureDefinition/fr-location-document","ans.fr.terminologies"
https://mos.esante.gouv.fr/NOS/JDV_J04-XdsPracticeSettingCode-CISIS/FHIR/JDV-J04-XdsPracticeSettingCode-CISIS,20240927120000,active,"1.2.250.1.213.1.1.5.467",JDV_J04_XdsPracticeSettingCode_CISIS,,"XDS practiceSettingCode CI-SIS","StructureDefinition/fr-organization-document,StructureDefinition/fr-cda-represented-organization,StructureDefinition/fr-cda-intended-recipient","ans.fr.terminologies"
https://mos.esante.gouv.fr/NOS/JDV_J100-FinessStatutJuridique-RASS/FHIR/JDV-J100-FinessStatutJuridique-RASS,20200424120000,active,"1.2.250.1.213.1.6.1.168",JDV_J100_FinessStatutJuridique_RASS,,"Statut juridique FINESS dans le RASS","StructureDefinition/fr-organization-document","ans.fr.terminologies"
https://mos.esante.gouv.fr/NOS/JDV_J101-SecteurActivite-RASS/FHIR/JDV-J101-SecteurActivite-RASS,20250828120000,active,"1.2.250.1.213.1.6.1.169",JDV_J101_SecteurActivite_RASS,,"Secteurs d'activité des établissements avec la même activité dans le RASS","StructureDefinition/fr-organization-document","ans.fr.terminologies"
https://mos.esante.gouv.fr/NOS/JDV_J105-EnsembleDiplome-RASS/FHIR/JDV-J105-EnsembleDiplome-RASS,20250828120000,active,"1.2.250.1.213.1.6.1.173",JDV_J105_EnsembleDiplome_RASS,,"Ensemble des diplômes et qualifications du RASS","StructureDefinition/fr-practitioner-document","ans.fr.terminologies"
https://mos.esante.gouv.fr/NOS/JDV_J106-EnsembleProfession-RASS/FHIR/JDV-J106-EnsembleProfession-RASS,20250328120000,active,"1.2.250.1.213.1.6.1.174",JDV_J106_EnsembleProfession_RASS,,"Ensemble des professions du RASS","StructureDefinition/fr-practitioner-document","ans.fr.terminologies"
https://mos.esante.gouv.fr/NOS/JDV_J107-EnsembleSavoirFaire-RASS/FHIR/JDV-J107-EnsembleSavoirFaire-RASS,20241025120000,active,"1.2.250.1.213.1.6.1.175",JDV_J107_EnsembleSavoirFaire_RASS,,"Ensemble des savoir-faire et compétences du RASS","StructureDefinition/fr-practitioner-document","ans.fr.terminologies"
https://mos.esante.gouv.fr/NOS/JDV_J108-EnsembleFonction-RASS/FHIR/JDV-J108-EnsembleFonction-RASS,20251016120000,active,"1.2.250.1.213.1.6.1.176",JDV_J108_EnsembleFonction_RASS,,"Ensemble des fonctions et rôles du RASS","StructureDefinition/fr-practitionerRole-document","ans.fr.terminologies"
https://mos.esante.gouv.fr/NOS/JDV_J11-RelationPatient-CISIS/FHIR/JDV-J11-RelationPatient-CISIS,20200424120000,active,"1.2.250.1.213.3.3.16",JDV_J11_RelationPatient_CISIS,,"Relation par rapport au patient - CI-SIS","StructureDefinition/fr-cda-related-entity,StructureDefinition/fr-patient-ins-document,StructureDefinition/fr-related-person-document","ans.fr.terminologies"
https://mos.esante.gouv.fr/NOS/JDV_J128-TypeCarte-RASS/FHIR/JDV-J128-TypeCarte-RASS,20201127120000,active,"1.2.250.1.213.1.6.1.214",JDV_J128_TypeCarte_RASS,,"Type de carte dans le RASS","StructureDefinition/fr-practitioner-document","ans.fr.terminologies"
https://mos.esante.gouv.fr/NOS/JDV_J129-CategorieEtablissement-RASS/FHIR/JDV-J129-CategorieEtablissement-RASS,20241025120000,active,"1.2.250.1.213.1.6.1.215",JDV_J129_CategorieEtablissement_RASS,,"Catégorie d'établissement du RASS","StructureDefinition/fr-organization-document","ans.fr.terminologies"
https://mos.esante.gouv.fr/NOS/JDV_J140-EncounterParticipationType-CISIS/FHIR/JDV-J140-EncounterParticipationType-CISIS,20210326120000,active,"1.2.250.1.213.1.1.5.528",JDV_J140_EncounterParticipationType_CISIS,,"JDV_J140-EncounterParticipationType-CISIS","StructureDefinition/fr-cda-encounter-participant,StructureDefinition/fr-encounter-care-document","ans.fr.terminologies"
https://mos.esante.gouv.fr/NOS/JDV_J141-RoleClass-CISIS/FHIR/JDV-J141-RoleClass-CISIS,20210326120000,active,"1.2.250.1.213.1.1.5.588",JDV_J141_RoleClass_CISIS,,"RoleClassAssociative CI-SIS","StructureDefinition/fr-practitionerRole-document,StructureDefinition/fr-cda-associated-entity","ans.fr.terminologies"
https://mos.esante.gouv.fr/NOS/JDV_J142-TypeRencontre-CISIS/FHIR/JDV-J142-TypeRencontre-CISIS,20210326120000,active,"1.2.250.1.213.1.1.5.589",JDV_J142_TypeRencontre_CISIS,,"Type de prise en charge CI-SIS","StructureDefinition/fr-cda-encompassing-encounter","ans.fr.terminologies"
https://mos.esante.gouv.fr/NOS/JDV_J143-AdministrativeGender-CISIS/FHIR/JDV-J143-AdministrativeGender-CISIS,20210326120000,active,"1.2.250.1.213.1.1.5.590",JDV_J143_AdministrativeGender_CISIS,,"Sexe administratif CI-SIS","StructureDefinition/fr-cda-patient","ans.fr.terminologies"
https://mos.esante.gouv.fr/NOS/JDV_J144-ParticipationType-CISIS/FHIR/JDV-J144-ParticipationType-CISIS,20210326120000,active,"1.2.250.1.213.1.1.5.591",JDV_J144_ParticipationType_CISIS,,"Type de participation CI-SIS","StructureDefinition/fr-practitionerRole-document,StructureDefinition/fr-composition-document","ans.fr.terminologies"
https://mos.esante.gouv.fr/NOS/JDV_J162-ESPIC-RASS/FHIR/JDV-J162-ESPIC-RASS,20210528120000,active,"1.2.250.1.213.1.6.1.226",JDV_J162_ESPIC_RASS,,"Etablissement de santé privée d'intérêt collectif dans le RASS","StructureDefinition/fr-organization-document","ans.fr.terminologies"
https://mos.esante.gouv.fr/NOS/JDV_J245-Civilite-CISIS/FHIR/JDV-J245-Civilite-CISIS,20230331120000,active,"1.2.250.1.213.1.1.5.718",JDV_J245_Civilite_CISIS,,"Civilités CI-SIS","StructureDefinition/fr-cda-name,StructureDefinition/fr-human-name-document,StructureDefinition/fr-related-person-document","ans.fr.terminologies"
https://mos.esante.gouv.fr/NOS/JDV_J246-Titre-CISIS/FHIR/JDV-J246-Titre-CISIS,20240126120000,active,"1.2.250.1.213.1.1.5.719",JDV_J246_Titre_CISIS,,"Civilités CI-SIS","StructureDefinition/fr-cda-name,StructureDefinition/fr-human-name-document,StructureDefinition/fr-related-person-document","ans.fr.terminologies"
https://mos.esante.gouv.fr/NOS/JDV_J47-FunctionCode-CISIS/FHIR/JDV-J47-FunctionCode-CISIS,20250523120000,active,"1.2.250.1.213.1.1.5.124",JDV_J47_FunctionCode_CISIS,,"Rôles fonctionnels","StructureDefinition/fr-cda-author,StructureDefinition/fr-cda-participant,StructureDefinition/fr-practitionerRole-document,StructureDefinition/fr-composition-document","ans.fr.terminologies"
https://mos.esante.gouv.fr/NOS/JDV_J73-MetierPharmacien-RASS/FHIR/JDV-J73-MetierPharmacien-RASS,20210528120000,active,"1.2.250.1.213.1.6.1.141",JDV_J73_MetierPharmacien_RASS,,"Ensemble des sections et sous-sections du tableau du CNOP dans le RASS","StructureDefinition/fr-practitionerRole-document","ans.fr.terminologies"
https://mos.esante.gouv.fr/NOS/JDV_J75-TypeAutorisation-RASS/FHIR/JDV-J75-TypeAutorisation-RASS,20250523120000,active,"1.2.250.1.213.1.6.1.143",JDV_J75_TypeAutorisation_RASS,,"Type d'autorisation d'exercice pour accès à l'exercice de la profession du RASS","StructureDefinition/fr-practitioner-document","ans.fr.terminologies"
https://mos.esante.gouv.fr/NOS/JDV_J76-DisciplineAutorisation-RASS/FHIR/JDV-J76-DisciplineAutorisation-RASS,20200424120000,active,"1.2.250.1.213.1.6.1.144",JDV_J76_DisciplineAutorisation_RASS,,"Discipline à laquelle l'autorisation d'exercice est restreinte dans le RASS","StructureDefinition/fr-practitioner-document","ans.fr.terminologies"
https://mos.esante.gouv.fr/NOS/JDV_J78-Civilite-RASS/FHIR/JDV-J78-Civilite-RASS,20221216120000,active,"1.2.250.1.213.1.6.1.146",JDV_J78_Civilite_RASS,,"Civilités des personnes physiques du RASS","StructureDefinition/fr-practitioner-document","ans.fr.terminologies"
https://mos.esante.gouv.fr/NOS/JDV_J79-CiviliteExercice-RASS/FHIR/JDV-J79-CiviliteExercice-RASS,20200424120000,active,"1.2.250.1.213.1.6.1.147",JDV_J79_CiviliteExercice_RASS,,"Civilités d'exercice d'un professionnel du RASS","StructureDefinition/fr-practitioner-document","ans.fr.terminologies"
https://mos.esante.gouv.fr/NOS/JDV_J81-TypeDiplome-RASS/FHIR/JDV-J81-TypeDiplome-RASS,20230526120000,active,"1.2.250.1.213.1.6.1.149",JDV_J81_TypeDiplome_RASS,,"Types de diplôme du RASS","StructureDefinition/fr-practitioner-document","ans.fr.terminologies"
https://mos.esante.gouv.fr/NOS/JDV_J82-Langue-RASS/FHIR/JDV-J82-Langue-RASS,20240927120000,active,"1.2.250.1.213.1.6.1.150",JDV_J82_Langue_RASS,,"Langues (codes ISO-639) des professionnels du RASS","StructureDefinition/fr-practitioner-document","ans.fr.terminologies"
https://mos.esante.gouv.fr/NOS/JDV_J83-AutoriteEnregistrement-RASS/FHIR/JDV-J83-AutoriteEnregistrement-RASS,20240628120000,active,"1.2.250.1.213.1.6.1.151",JDV_J83_AutoriteEnregistrement_RASS,,"Autorités d'enregistrement des acteurs de santé du RASS","StructureDefinition/fr-practitioner-document","ans.fr.terminologies"
https://mos.esante.gouv.fr/NOS/JDV_J84-DepartementOM-RASS/FHIR/JDV-J84-DepartementOM-RASS,20240126120000,retired,"1.2.250.1.213.1.6.1.152",JDV_J84_DepartementOM_RASS,,"Départements (outre-mer et Monaco inclus) pour le RASS","StructureDefinition/fr-practitioner-document","ans.fr.terminologies"
https://mos.esante.gouv.fr/NOS/JDV_J85-StatutInscription-RASS/FHIR/JDV-J85-StatutInscription-RASS,20200424120000,active,"1.2.250.1.213.1.6.1.153",JDV_J85_StatutInscription_RASS,,"Statut avancement dossier de référencement personne du RASS auprès d'un ordre","StructureDefinition/fr-practitioner-document","ans.fr.terminologies"
https://mos.esante.gouv.fr/NOS/JDV_J86-NatCycleForm-RASS/FHIR/JDV-J86-NatCycleForm-RASS,20200424120000,active,"1.2.250.1.213.1.6.1.154",JDV_J86_NatCycleForm_RASS,,"Natures du cycle de formation des professionnels du RASS","StructureDefinition/fr-practitioner-document","ans.fr.terminologies"
https://mos.esante.gouv.fr/NOS/JDV_J87-NiveauFormAcquis-RASS/FHIR/JDV-J87-NiveauFormAcquis-RASS,20200424120000,active,"1.2.250.1.213.1.6.1.155",JDV_J87_NiveauFormAcquis_RASS,,"Niveau de formation acquis dans le cycle de formation des professionnels du RASS","StructureDefinition/fr-practitioner-document","ans.fr.terminologies"
https://mos.esante.gouv.fr/NOS/JDV_J88-AnneeUniversitaire-RASS/FHIR/JDV-J88-AnneeUniversitaire-RASS,20251016120000,active,"1.2.250.1.213.1.6.1.156",JDV_J88_AnneeUniversitaire_RASS,,"Années universitaires des professionnels du RASS","StructureDefinition/fr-practitioner-document","ans.fr.terminologies"
https://mos.esante.gouv.fr/NOS/JDV_J89-CategorieProfessionnelle-RASS/FHIR/JDV-J89-CategorieProfessionnelle-RASS,20240329120000,active,"1.2.250.1.213.1.6.1.157",JDV_J89_CategorieProfessionnelle_RASS,,"Catégories professionnelles dans le RASS","StructureDefinition/fr-practitioner-document","ans.fr.terminologies"
https://mos.esante.gouv.fr/NOS/JDV_J91-TypeSavoirFaire-RASS/FHIR/JDV-J91-TypeSavoirFaire-RASS,20251016120000,active,"1.2.250.1.213.1.6.1.159",JDV_J91_TypeSavoirFaire_RASS,,"Types de savoir-faire des professionnels du RASS","StructureDefinition/fr-practitioner-document","ans.fr.terminologies"
https://mos.esante.gouv.fr/NOS/JDV_J94-GenreActivite-RASS/FHIR/JDV-J94-GenreActivite-RASS,20240329120000,active,"1.2.250.1.213.1.6.1.162",JDV_J94_GenreActivite_RASS,,"Activités des professionnels RASS nécessitant des règles de gestion spécifiques","StructureDefinition/fr-practitionerRole-document","ans.fr.terminologies"
https://mos.esante.gouv.fr/NOS/JDV_J95-ModeExercice-RASS/FHIR/JDV-J95-ModeExercice-RASS,20210827120000,active,"1.2.250.1.213.1.6.1.163",JDV_J95_ModeExercice_RASS,,"Modes d'exercice du professionnel du RASS","StructureDefinition/fr-practitionerRole-document","ans.fr.terminologies"
https://mos.esante.gouv.fr/NOS/JDV_J96-TypeActiviteLiberale-RASS/FHIR/JDV-J96-TypeActiviteLiberale-RASS,20200424120000,active,"1.2.250.1.213.1.6.1.164",JDV_J96_TypeActiviteLiberale_RASS,,"Types d'activité libérale des professionnels du RASS","StructureDefinition/fr-practitionerRole-document","ans.fr.terminologies"
https://mos.esante.gouv.fr/NOS/JDV_J97-StatutProfessionnelSSA-RASS/FHIR/JDV-J97-StatutProfessionnelSSA-RASS,20200424120000,active,"1.2.250.1.213.1.6.1.165",JDV_J97_StatutProfessionnelSSA_RASS,,"Statuts des professionnels du Service de Santé des Armées dans le RASS","StructureDefinition/fr-practitionerRole-document","ans.fr.terminologies"
https://mos.esante.gouv.fr/NOS/JDV_J98-StatutHospitalier-RASS/FHIR/JDV-J98-StatutHospitalier-RASS,20200424120000,active,"1.2.250.1.213.1.6.1.166",JDV_J98_StatutHospitalier_RASS,,"Statut des professionnels intervenant dans un hôpital dans le RASS","StructureDefinition/fr-practitionerRole-document","ans.fr.terminologies"
https://mos.esante.gouv.fr/NOS/JDV_J99-InseeNAFrav2Niveau5-RASS/FHIR/JDV-J99-InseeNAFrav2Niveau5-RASS,20200424120000,active,"1.2.250.1.213.1.6.1.167",JDV_J99_InseeNAFrav2Niveau5_RASS,,"Sous-classes de la Nomenclature Activités Française (INSEE) des prof du RASS","StructureDefinition/fr-organization-document","ans.fr.terminologies"
https://smt.esante.gouv.fr/fhir/ValueSet/jdv-j368-categorie-etablissement-cisis,20250422120000,active,"1.2.250.1.213.1.1.5.823",JdvJ368CategorieEtablissementCisis,Jdv J368 Categorie Etablissement Cisis,"JDV à l'image de l'ensemble des valeurs actives de la terminologie TRE_R66-CategorieEtablissement","StructureDefinition/fr-cda-health-care-facility,StructureDefinition/fr-location-document","ans.fr.terminologies"
https://smt.esante.gouv.fr/fhir/ValueSet/jdv-role-informateur-cisis,20251028115833,active,"1.2.250.1.213.1.1.5.824",JdvRoleInformateurCisis,Jdv Role Informateur CISIS,"Jdv Role Informateur CISIS","StructureDefinition/fr-cda-related-entity,StructureDefinition/fr-patient-ins-document","THO (V3)"
https://smt.esante.gouv.fr/fhir/ValueSet/jdv-type-systeme-cisis,20251028115833,active,"1.2.250.1.213.1.1.5.825",JdvTypeSystemeCisis,Jdv Type Systeme CISIS,"Jdv Type Systeme CISIS","StructureDefinition/fr-device-auteur-document","ans.fr.terminologies"
